ID,Team,Employee,Role,StartedOn
1,1,Adam Hart,Leader,1/1/2005
2,1,Nathan Bailey,Agent,6/17/2009
3,1,Robert Rutherford,Agent,12/14/2017
4,1,Evan Langdon,Agent,6/19/2012
5,1,Victor Slater,Agent,11/21/2016
6,1,Katherine Reid,Agent,9/2/2006
7,1,Phil Anderson,Agent,12/6/2010
8,1,Carol Morgan,Agent,5/10/2009
9,1,Joanne Nolan,Agent,6/15/2013
10,1,Anthony Tucker,Driver,9/26/2006
11,1,Charles Butler,Agent,8/11/2008
12,1,Dylan Glover,Agent,12/26/2018
13,1,Dan White,Agent,3/1/2018
14,1,Joe Knox,Agent,2/23/2007
15,1,Lillian Dickens,Agent,10/8/2017
16,1,Gabrielle Skinner,Agent,1/14/2012
17,1,Anne Hodges,Agent,11/8/2017
18,1,Christian Young,Agent,12/9/2009
19,1,James Jones,Agent,8/21/2012
20,1,Trevor Hardacre,Agent,8/22/2021
21,1,Donna Edmunds,Agent,7/22/2018
22,2,Connor Gibson,Leader,11/17/2009
23,2,Harry Edmunds,Agent,3/8/2011
24,2,Jason Campbell,Agent,9/16/2014
25,2,Natalie Poole,Agent,10/13/2011
26,2,Phil Vaughan,Agent,1/19/2020
27,2,Natalie Sharp,Agent,11/24/2006
28,2,Jasmine Anderson,Agent,2/3/2007
29,2,Sarah Slater,Agent,8/17/2019
30,2,Anna Murray,Agent,1/8/2016
31,2,Deirdre Turner,Agent,7/5/2006
32,2,Trevor Clarkson,Agent,7/16/2011
33,2,Jake Short,Agent,5/20/2007
34,2,Liam Fraser,Agent,4/29/2018
35,2,Edward Paterson,Agent,5/19/2020
36,2,Irene Parr,Agent,6/30/2005
37,2,Sophie Payne,Agent,4/6/2011
38,2,Dorothy Mitchell,Agent,4/19/2009
39,2,Brian Berry,Agent,10/21/2009
40,2,Katherine Davies,Driver,7/28/2018
41,2,Frank Coleman,Agent,11/4/2009
42,2,Cameron Abraham,Agent,7/20/2005
43,2,Faith Clarkson,Agent,3/8/2009
44,2,Katherine Terry,Agent,4/23/2017
45,2,Samantha Robertson,Agent,4/22/2006
46,2,Fiona Mackenzie,Agent,7/4/2018
47,2,Madeleine Baker,Agent,3/16/2007
48,2,Michelle May,Agent,4/8/2005
49,2,Oliver Clark,Agent,4/23/2020
50,2,Amanda Butler,Agent,7/27/2008
51,3,Alexander Parsons,Leader,3/15/2014
52,3,Warren Bower,Driver,1/28/2008
53,3,Donna Rampling,Agent,10/4/2005
54,3,Sarah Hill,Agent,10/2/2015
55,3,Anne Dickens,Agent,12/1/2010
56,3,Carl Clark,Agent,5/22/2018
57,3,Pippa McLean,Agent,1/1/2011
58,3,Jason Bailey,Agent,10/15/2007
59,3,Jan Hughes,Agent,7/8/2018
60,3,Trevor Berry,Agent,4/16/2017
61,3,Frank Hunter,Agent,11/7/2015
62,3,Keith Henderson,Agent,4/15/2011
63,3,Jason Ince,Agent,9/26/2007
64,3,Julia Allan,Agent,12/31/2015
65,3,Steven Bell,Agent,1/20/2006
66,3,Sam Cameron,Agent,10/14/2009
67,3,Matt Quinn,Agent,7/31/2021
68,3,Carl James,Agent,9/7/2013
69,3,Diana Cameron,Agent,2/9/2006
70,3,Frank Jackson,Agent,11/24/2009
71,3,Justin MacLeod,Agent,11/26/2018
72,3,John Paige,Agent,3/23/2015
73,3,John Peake,Agent,2/18/2005
74,3,Caroline Duncan,Agent,5/3/2017
75,3,Lillian Walker,Agent,1/12/2011
76,3,Harry Avery,Agent,4/17/2016
77,3,Phil Mathis,Agent,2/16/2010
78,3,Edward Newman,Agent,7/12/2009
79,3,Michael Wilkins,Agent,7/17/2020
80,3,Max Russell,Agent,11/20/2019
81,3,Cameron King,Agent,10/5/2008
82,3,Matt Berry,Agent,12/25/2021
83,3,Felicity Knox,Agent,4/30/2014
84,3,Rose Payne,Agent,5/7/2015
85,3,Richard Simpson,Agent,9/15/2013
86,3,Joanne Slater,Agent,12/11/2017
87,3,Amanda Cornish,Agent,4/22/2021
88,3,Sarah Morgan,Agent,2/25/2015
89,3,Hannah Newman,Agent,3/31/2015
90,4,Amelia Walker,Leader,6/1/2012
91,4,Nathan Manning,Driver,8/6/2009
92,4,Nathan Langdon,Agent,3/16/2012
93,4,Phil Hodges,Agent,12/22/2018
94,4,Fiona Berry,Agent,4/17/2011
95,4,Hannah Berry,Agent,7/30/2012
96,4,Kevin Johnston,Agent,5/11/2021
97,4,Victor Mackay,Agent,8/29/2010
98,4,Evan Young,Agent,12/23/2015
99,4,Liam Oliver,Agent,5/29/2005
